id,category,rule,tokens,held_fraction,divergences,forward_passes,speedup,naive_salvage,correct,http_calls,chunk_calls,wasted_tokens
code-fix-sort-order-bug,code_review,tau:0.0,187,0.0535,8,206,0.9078,0.2941,pass,9,8,0
code-fix-sort-order-bug,code_review,tau:3.0,225,0.0533,7,242,0.9298,0.2941,pass,14,12,8
code-fix-sort-order-bug,code_review,entropy_scaled:tau=1.5,187,0.0535,8,206,0.9078,0.2941,pass,9,8,0
code-fix-sort-order-bug,code_review,entropy_scaled:tau=1.75,187,0.0535,8,206,0.9078,0.2941,pass,9,8,0
code-fix-sort-order-bug,code_review,entropy_scaled:tau=2.0,187,0.0535,8,206,0.9078,0.2941,pass,9,8,0
code-fix-sort-order-bug,code_review,entropy_scaled:tau=2.25,187,0.0535,8,206,0.9078,0.2941,pass,9,8,0
code-fix-sort-order-bug,code_review,entropy_scaled:tau=2.5,187,0.0535,8,206,0.9078,0.2941,pass,9,8,0
code-fix-sort-order-bug,code_review,entropy_scaled:tau=2.75,187,0.0535,8,206,0.9078,0.2941,pass,9,8,0
code-fix-sort-order-bug,code_review,entropy_scaled:tau=3.0,187,0.0535,8,206,0.9078,0.2941,pass,9,8,0
code-fix-sort-order-bug,code_review,"entropy_floor:tau=2.0,floor=0.5",187,0.0535,8,206,0.9078,0.2941,pass,9,8,0
code-fix-sort-order-bug,code_review,"entropy_floor:tau=2.0,floor=1.0",225,0.0533,7,242,0.9298,0.2941,pass,14,12,8
code-fix-sort-order-bug,code_review,"entropy_floor:tau=2.5,floor=0.75",187,0.0535,8,206,0.9078,0.2941,pass,9,8,0
code-fix-sort-order-bug,code_review,"entropy_floor:tau=3.0,floor=0.5",187,0.0535,8,206,0.9078,0.2941,pass,9,8,0
code-fix-sort-order-bug,code_review,"entropy_floor:tau=3.0,floor=1.0",225,0.0533,7,242,0.9298,0.2941,pass,14,12,8
code-fix-sort-order-bug,code_review,"gated_entropy:tau=1.5,p_cut=0.9",187,0.0535,8,206,0.9078,0.2941,pass,9,8,0
code-fix-sort-order-bug,code_review,"gated_entropy:tau=2.0,p_cut=0.9",187,0.0535,8,206,0.9078,0.2941,pass,9,8,0
code-fix-sort-order-bug,code_review,"gated_entropy:tau=2.0,p_cut=0.8",187,0.0535,8,206,0.9078,0.2941,pass,9,8,0
code-fix-sort-order-bug,code_review,"gated_entropy:tau=3.0,p_cut=0.9",187,0.0535,8,206,0.9078,0.2941,pass,9,8,0
code-fix-dedupe-condition-bug,code_review,tau:0.0,143,0.014,8,155,0.9226,0.3147,pass,8,7,0
code-fix-dedupe-condition-bug,code_review,tau:3.0,145,0.4897,11,115,1.2609,0.3147,pass,19,12,20
code-fix-dedupe-condition-bug,code_review,entropy_scaled:tau=1.5,161,0.236,9,158,1.019,0.3147,pass,18,13,3
code-fix-dedupe-condition-bug,code_review,entropy_scaled:tau=1.75,161,0.236,9,158,1.019,0.3147,pass,18,13,3
code-fix-dedupe-condition-bug,code_review,entropy_scaled:tau=2.0,177,0.1073,12,192,0.9219,0.3147,pass,18,13,3
code-fix-dedupe-condition-bug,code_review,entropy_scaled:tau=2.25,177,0.1073,12,192,0.9219,0.3147,pass,18,13,3
code-fix-dedupe-condition-bug,code_review,entropy_scaled:tau=2.5,177,0.1073,12,192,0.9219,0.3147,pass,18,13,3
code-fix-dedupe-condition-bug,code_review,entropy_scaled:tau=2.75,177,0.1073,12,192,0.9219,0.3147,pass,18,13,3
code-fix-dedupe-condition-bug,code_review,entropy_scaled:tau=3.0,177,0.1073,12,192,0.9219,0.3147,pass,18,13,3
code-fix-dedupe-condition-bug,code_review,"entropy_floor:tau=2.0,floor=0.5",177,0.1073,12,192,0.9219,0.3147,pass,18,13,3
code-fix-dedupe-condition-bug,code_review,"entropy_floor:tau=2.0,floor=1.0",177,0.1073,12,192,0.9219,0.3147,pass,18,13,3
code-fix-dedupe-condition-bug,code_review,"entropy_floor:tau=2.5,floor=0.75",177,0.1073,12,192,0.9219,0.3147,pass,18,13,3
code-fix-dedupe-condition-bug,code_review,"entropy_floor:tau=3.0,floor=0.5",177,0.1073,12,192,0.9219,0.3147,pass,18,13,3
code-fix-dedupe-condition-bug,code_review,"entropy_floor:tau=3.0,floor=1.0",165,0.1818,9,159,1.0377,0.3147,pass,15,11,14
code-fix-dedupe-condition-bug,code_review,"gated_entropy:tau=1.5,p_cut=0.9",161,0.236,9,158,1.019,0.3147,pass,18,13,3
code-fix-dedupe-condition-bug,code_review,"gated_entropy:tau=2.0,p_cut=0.9",177,0.1073,12,192,0.9219,0.3147,pass,18,13,3
code-fix-dedupe-condition-bug,code_review,"gated_entropy:tau=2.0,p_cut=0.8",177,0.1073,12,192,0.9219,0.3147,pass,18,13,3
code-fix-dedupe-condition-bug,code_review,"gated_entropy:tau=3.0,p_cut=0.9",177,0.1073,12,192,0.9219,0.3147,pass,18,13,3
doc-change-decade,doc_summary,tau:0.0,135,0.1481,8,140,0.9643,0.0625,pass,10,8,0
doc-change-decade,doc_summary,tau:3.0,69,0.942,1,13,5.3077,0.0625,pass,3,1,0
doc-change-decade,doc_summary,entropy_scaled:tau=1.5,65,0.4462,8,66,0.9848,0.0625,FAIL,12,8,0
doc-change-decade,doc_summary,entropy_scaled:tau=1.75,151,0.2053,7,150,1.0067,0.0625,pass,17,12,2
doc-change-decade,doc_summary,entropy_scaled:tau=2.0,151,0.2053,7,150,1.0067,0.0625,pass,17,12,2
doc-change-decade,doc_summary,entropy_scaled:tau=2.25,80,0.55,5,58,1.3793,0.0625,pass,9,6,0
doc-change-decade,doc_summary,entropy_scaled:tau=2.5,80,0.55,5,58,1.3793,0.0625,pass,9,6,0
doc-change-decade,doc_summary,entropy_scaled:tau=2.75,80,0.55,5,58,1.3793,0.0625,pass,9,6,0
doc-change-decade,doc_summary,entropy_scaled:tau=3.0,73,0.6027,5,55,1.3273,0.0625,pass,11,7,2
doc-change-decade,doc_summary,"entropy_floor:tau=2.0,floor=0.5",73,0.6027,5,55,1.3273,0.0625,pass,11,7,2
doc-change-decade,doc_summary,"entropy_floor:tau=2.0,floor=1.0",72,0.6528,5,51,1.4118,0.0625,pass,10,6,2
doc-change-decade,doc_summary,"entropy_floor:tau=2.5,floor=0.75",72,0.6528,5,51,1.4118,0.0625,pass,10,6,2
doc-change-decade,doc_summary,"entropy_floor:tau=3.0,floor=0.5",72,0.6528,5,51,1.4118,0.0625,pass,10,6,2
doc-change-decade,doc_summary,"entropy_floor:tau=3.0,floor=1.0",72,0.6528,5,51,1.4118,0.0625,pass,10,6,2
doc-change-decade,doc_summary,"gated_entropy:tau=1.5,p_cut=0.9",65,0.4462,8,66,0.9848,0.0625,FAIL,12,8,0
doc-change-decade,doc_summary,"gated_entropy:tau=2.0,p_cut=0.9",151,0.2053,7,150,1.0067,0.0625,pass,17,12,2
doc-change-decade,doc_summary,"gated_entropy:tau=2.0,p_cut=0.8",151,0.2053,7,150,1.0067,0.0625,pass,17,12,2
doc-change-decade,doc_summary,"gated_entropy:tau=3.0,p_cut=0.9",73,0.6027,5,55,1.3273,0.0625,pass,11,7,2
doc-change-shrink-fraction,doc_summary,tau:0.0,83,0.2169,11,109,0.7615,0.3494,pass,6,5,0
doc-change-shrink-fraction,doc_summary,tau:3.0,75,0.7733,3,35,2.1429,0.3494,pass,6,4,0
doc-change-shrink-fraction,doc_summary,entropy_scaled:tau=1.5,97,0.3196,7,96,1.0104,0.3494,pass,17,11,0
doc-change-shrink-fraction,doc_summary,entropy_scaled:tau=1.75,97,0.3196,7,96,1.0104,0.3494,pass,17,11,0
doc-change-shrink-fraction,doc_summary,entropy_scaled:tau=2.0,83,0.4458,7,82,1.0122,0.3494,pass,13,8,1
doc-change-shrink-fraction,doc_summary,entropy_scaled:tau=2.25,83,0.4458,7,82,1.0122,0.3494,pass,13,8,1
doc-change-shrink-fraction,doc_summary,entropy_scaled:tau=2.5,83,0.4458,7,82,1.0122,0.3494,pass,13,8,1
doc-change-shrink-fraction,doc_summary,entropy_scaled:tau=2.75,83,0.4458,7,82,1.0122,0.3494,pass,13,8,1
doc-change-shrink-fraction,doc_summary,entropy_scaled:tau=3.0,83,0.4458,7,82,1.0122,0.3494,pass,13,8,1
doc-change-shrink-fraction,doc_summary,"entropy_floor:tau=2.0,floor=0.5",75,0.7733,3,35,2.1429,0.3494,pass,6,4,0
doc-change-shrink-fraction,doc_summary,"entropy_floor:tau=2.0,floor=1.0",75,0.7733,3,35,2.1429,0.3494,pass,6,4,0
doc-change-shrink-fraction,doc_summary,"entropy_floor:tau=2.5,floor=0.75",75,0.7733,3,35,2.1429,0.3494,pass,6,4,0
doc-change-shrink-fraction,doc_summary,"entropy_floor:tau=3.0,floor=0.5",75,0.7733,3,35,2.1429,0.3494,pass,6,4,0
doc-change-shrink-fraction,doc_summary,"entropy_floor:tau=3.0,floor=1.0",75,0.7733,3,35,2.1429,0.3494,pass,6,4,0
doc-change-shrink-fraction,doc_summary,"gated_entropy:tau=1.5,p_cut=0.9",97,0.3196,7,96,1.0104,0.3494,pass,17,11,0
doc-change-shrink-fraction,doc_summary,"gated_entropy:tau=2.0,p_cut=0.9",83,0.4458,7,82,1.0122,0.3494,pass,13,8,1
doc-change-shrink-fraction,doc_summary,"gated_entropy:tau=2.0,p_cut=0.8",83,0.4458,7,82,1.0122,0.3494,pass,13,8,1
doc-change-shrink-fraction,doc_summary,"gated_entropy:tau=3.0,p_cut=0.9",83,0.4458,7,82,1.0122,0.3494,pass,13,8,1
fact-third-country-overtakes,fact_answer,tau:0.0,178,0.0449,4,184,0.9674,0.1457,FAIL,11,9,0
fact-third-country-overtakes,fact_answer,tau:3.0,181,0.0552,3,185,0.9784,0.1457,pass,14,11,4
fact-third-country-overtakes,fact_answer,entropy_scaled:tau=1.5,178,0.0449,4,184,0.9674,0.1457,FAIL,11,9,0
fact-third-country-overtakes,fact_answer,entropy_scaled:tau=1.75,178,0.0449,4,184,0.9674,0.1457,FAIL,11,9,0
fact-third-country-overtakes,fact_answer,entropy_scaled:tau=2.0,178,0.0449,4,184,0.9674,0.1457,FAIL,11,9,0
fact-third-country-overtakes,fact_answer,entropy_scaled:tau=2.25,178,0.0449,4,184,0.9674,0.1457,FAIL,11,9,0
fact-third-country-overtakes,fact_answer,entropy_scaled:tau=2.5,178,0.0449,4,184,0.9674,0.1457,FAIL,11,9,0
fact-third-country-overtakes,fact_answer,entropy_scaled:tau=2.75,178,0.0449,4,184,0.9674,0.1457,FAIL,11,9,0
fact-third-country-overtakes,fact_answer,entropy_scaled:tau=3.0,178,0.0449,4,184,0.9674,0.1457,FAIL,11,9,0
fact-third-country-overtakes,fact_answer,"entropy_floor:tau=2.0,floor=0.5",178,0.0449,4,184,0.9674,0.1457,FAIL,11,9,0
fact-third-country-overtakes,fact_answer,"entropy_floor:tau=2.0,floor=1.0",178,0.0449,4,184,0.9674,0.1457,FAIL,11,9,0
fact-third-country-overtakes,fact_answer,"entropy_floor:tau=2.5,floor=0.75",178,0.0449,4,184,0.9674,0.1457,FAIL,11,9,0
fact-third-country-overtakes,fact_answer,"entropy_floor:tau=3.0,floor=0.5",178,0.0449,4,184,0.9674,0.1457,FAIL,11,9,0
fact-third-country-overtakes,fact_answer,"entropy_floor:tau=3.0,floor=1.0",178,0.0449,4,184,0.9674,0.1457,FAIL,11,9,0
fact-third-country-overtakes,fact_answer,"gated_entropy:tau=1.5,p_cut=0.9",178,0.0449,4,184,0.9674,0.1457,FAIL,11,9,0
fact-third-country-overtakes,fact_answer,"gated_entropy:tau=2.0,p_cut=0.9",178,0.0449,4,184,0.9674,0.1457,FAIL,11,9,0
fact-third-country-overtakes,fact_answer,"gated_entropy:tau=2.0,p_cut=0.8",178,0.0449,4,184,0.9674,0.1457,FAIL,11,9,0
fact-third-country-overtakes,fact_answer,"gated_entropy:tau=3.0,p_cut=0.9",178,0.0449,4,184,0.9674,0.1457,FAIL,11,9,0
fact-change-capital-value,fact_answer,tau:0.0,125,0.176,6,128,0.9766,0.617,FAIL,11,8,0
fact-change-capital-value,fact_answer,tau:3.0,59,0.4407,4,49,1.2041,0.617,FAIL,7,5,0
fact-change-capital-value,fact_answer,entropy_scaled:tau=1.5,59,0.4407,4,49,1.2041,0.617,FAIL,7,5,0
fact-change-capital-value,fact_answer,entropy_scaled:tau=1.75,59,0.4407,4,49,1.2041,0.617,FAIL,7,5,0
fact-change-capital-value,fact_answer,entropy_scaled:tau=2.0,59,0.4407,4,49,1.2041,0.617,FAIL,7,5,0
fact-change-capital-value,fact_answer,entropy_scaled:tau=2.25,59,0.4407,4,49,1.2041,0.617,FAIL,7,5,0
fact-change-capital-value,fact_answer,entropy_scaled:tau=2.5,59,0.4407,4,49,1.2041,0.617,FAIL,7,5,0
fact-change-capital-value,fact_answer,entropy_scaled:tau=2.75,59,0.4407,4,49,1.2041,0.617,FAIL,7,5,0
fact-change-capital-value,fact_answer,entropy_scaled:tau=3.0,59,0.4407,4,49,1.2041,0.617,FAIL,7,5,0
fact-change-capital-value,fact_answer,"entropy_floor:tau=2.0,floor=0.5",59,0.4407,4,49,1.2041,0.617,FAIL,7,5,0
fact-change-capital-value,fact_answer,"entropy_floor:tau=2.0,floor=1.0",59,0.4407,4,49,1.2041,0.617,FAIL,7,5,0
fact-change-capital-value,fact_answer,"entropy_floor:tau=2.5,floor=0.75",59,0.4407,4,49,1.2041,0.617,FAIL,7,5,0
fact-change-capital-value,fact_answer,"entropy_floor:tau=3.0,floor=0.5",59,0.4407,4,49,1.2041,0.617,FAIL,7,5,0
fact-change-capital-value,fact_answer,"entropy_floor:tau=3.0,floor=1.0",59,0.4407,4,49,1.2041,0.617,FAIL,7,5,0
fact-change-capital-value,fact_answer,"gated_entropy:tau=1.5,p_cut=0.9",59,0.4407,4,49,1.2041,0.617,FAIL,7,5,0
fact-change-capital-value,fact_answer,"gated_entropy:tau=2.0,p_cut=0.9",59,0.4407,4,49,1.2041,0.617,FAIL,7,5,0
fact-change-capital-value,fact_answer,"gated_entropy:tau=2.0,p_cut=0.8",59,0.4407,4,49,1.2041,0.617,FAIL,7,5,0
fact-change-capital-value,fact_answer,"gated_entropy:tau=3.0,p_cut=0.9",59,0.4407,4,49,1.2041,0.617,FAIL,7,5,0
code-rename-var,code_review,tau:0.0,512,0.0156,6,514,0.9961,0.0254,pass,21,19,7
code-rename-var,code_review,tau:3.0,121,0.4463,9,108,1.1204,0.0254,pass,20,14,31
code-rename-var,code_review,entropy_scaled:tau=1.5,512,0.0156,6,514,0.9961,0.0254,pass,21,19,7
code-rename-var,code_review,entropy_scaled:tau=1.75,512,0.0156,6,514,0.9961,0.0254,pass,21,19,7
code-rename-var,code_review,entropy_scaled:tau=2.0,512,0.0156,6,514,0.9961,0.0254,pass,21,19,7
code-rename-var,code_review,entropy_scaled:tau=2.25,512,0.0156,6,514,0.9961,0.0254,pass,21,19,7
code-rename-var,code_review,entropy_scaled:tau=2.5,512,0.0156,6,514,0.9961,0.0254,pass,21,19,7
code-rename-var,code_review,entropy_scaled:tau=2.75,512,0.0156,6,514,0.9961,0.0254,pass,21,19,7
code-rename-var,code_review,entropy_scaled:tau=3.0,512,0.0156,6,514,0.9961,0.0254,pass,21,19,7
code-rename-var,code_review,"entropy_floor:tau=2.0,floor=0.5",512,0.0156,6,514,0.9961,0.0254,pass,21,19,7
code-rename-var,code_review,"entropy_floor:tau=2.0,floor=1.0",512,0.0156,6,514,0.9961,0.0254,pass,21,19,7
code-rename-var,code_review,"entropy_floor:tau=2.5,floor=0.75",512,0.0156,6,514,0.9961,0.0254,pass,21,19,7
code-rename-var,code_review,"entropy_floor:tau=3.0,floor=0.5",512,0.0156,6,514,0.9961,0.0254,pass,21,19,7
code-rename-var,code_review,"entropy_floor:tau=3.0,floor=1.0",512,0.0156,6,514,0.9961,0.0254,pass,21,19,7
code-rename-var,code_review,"gated_entropy:tau=1.5,p_cut=0.9",512,0.0156,6,514,0.9961,0.0254,pass,21,19,7
code-rename-var,code_review,"gated_entropy:tau=2.0,p_cut=0.9",512,0.0156,6,514,0.9961,0.0254,pass,21,19,7
code-rename-var,code_review,"gated_entropy:tau=2.0,p_cut=0.8",512,0.0156,6,514,0.9961,0.0254,pass,21,19,7
code-rename-var,code_review,"gated_entropy:tau=3.0,p_cut=0.9",512,0.0156,6,514,0.9961,0.0254,pass,21,19,7
code-introduce-bug,code_review,tau:0.0,67,0.3731,9,76,0.8816,0.7231,FAIL,13,9,0
code-introduce-bug,code_review,tau:3.0,68,0.5147,8,67,1.0149,0.7231,FAIL,13,8,0
code-introduce-bug,code_review,entropy_scaled:tau=1.5,67,0.3731,9,76,0.8816,0.7231,FAIL,13,9,0
code-introduce-bug,code_review,entropy_scaled:tau=1.75,67,0.3731,9,76,0.8816,0.7231,FAIL,13,9,0
code-introduce-bug,code_review,entropy_scaled:tau=2.0,68,0.3971,9,75,0.9067,0.7231,FAIL,14,9,2
code-introduce-bug,code_review,entropy_scaled:tau=2.25,68,0.3971,9,75,0.9067,0.7231,FAIL,14,9,2
code-introduce-bug,code_review,entropy_scaled:tau=2.5,68,0.3971,9,75,0.9067,0.7231,FAIL,14,9,2
code-introduce-bug,code_review,entropy_scaled:tau=2.75,68,0.3971,9,75,0.9067,0.7231,FAIL,14,9,2
code-introduce-bug,code_review,entropy_scaled:tau=3.0,72,0.3472,9,86,0.8372,0.7231,FAIL,15,10,5
code-introduce-bug,code_review,"entropy_floor:tau=2.0,floor=0.5",68,0.3971,9,75,0.9067,0.7231,FAIL,14,9,2
code-introduce-bug,code_review,"entropy_floor:tau=2.0,floor=1.0",68,0.3971,9,75,0.9067,0.7231,FAIL,14,9,2
code-introduce-bug,code_review,"entropy_floor:tau=2.5,floor=0.75",68,0.3971,9,75,0.9067,0.7231,FAIL,14,9,2
code-introduce-bug,code_review,"entropy_floor:tau=3.0,floor=0.5",73,0.3699,9,85,0.8588,0.7231,FAIL,17,11,8
code-introduce-bug,code_review,"entropy_floor:tau=3.0,floor=1.0",73,0.3699,9,85,0.8588,0.7231,FAIL,17,11,8
code-introduce-bug,code_review,"gated_entropy:tau=1.5,p_cut=0.9",67,0.3731,9,76,0.8816,0.7231,FAIL,13,9,0
code-introduce-bug,code_review,"gated_entropy:tau=2.0,p_cut=0.9",68,0.3971,9,75,0.9067,0.7231,FAIL,14,9,2
code-introduce-bug,code_review,"gated_entropy:tau=2.0,p_cut=0.8",68,0.3971,9,75,0.9067,0.7231,FAIL,14,9,2
code-introduce-bug,code_review,"gated_entropy:tau=3.0,p_cut=0.9",72,0.3472,9,86,0.8372,0.7231,FAIL,15,10,5
code-add-guard,code_review,tau:0.0,242,0.2066,7,224,1.0804,0.3231,pass,16,13,0
code-add-guard,code_review,tau:3.0,195,0.1487,5,191,1.0209,0.3231,pass,14,10,1
code-add-guard,code_review,entropy_scaled:tau=1.5,164,0.2134,5,149,1.1007,0.3231,pass,14,10,1
code-add-guard,code_review,entropy_scaled:tau=1.75,164,0.2134,5,149,1.1007,0.3231,pass,14,10,1
code-add-guard,code_review,entropy_scaled:tau=2.0,195,0.1487,5,191,1.0209,0.3231,pass,14,10,1
code-add-guard,code_review,entropy_scaled:tau=2.25,195,0.1487,5,191,1.0209,0.3231,pass,14,10,1
code-add-guard,code_review,entropy_scaled:tau=2.5,195,0.1487,5,191,1.0209,0.3231,pass,14,10,1
code-add-guard,code_review,entropy_scaled:tau=2.75,195,0.1487,5,191,1.0209,0.3231,pass,14,10,1
code-add-guard,code_review,entropy_scaled:tau=3.0,195,0.1487,5,191,1.0209,0.3231,pass,14,10,1
code-add-guard,code_review,"entropy_floor:tau=2.0,floor=0.5",195,0.1487,5,191,1.0209,0.3231,pass,14,10,1
code-add-guard,code_review,"entropy_floor:tau=2.0,floor=1.0",195,0.1487,5,191,1.0209,0.3231,pass,14,10,1
code-add-guard,code_review,"entropy_floor:tau=2.5,floor=0.75",195,0.1487,5,191,1.0209,0.3231,pass,14,10,1
code-add-guard,code_review,"entropy_floor:tau=3.0,floor=0.5",195,0.1487,5,191,1.0209,0.3231,pass,14,10,1
code-add-guard,code_review,"entropy_floor:tau=3.0,floor=1.0",195,0.1487,5,191,1.0209,0.3231,pass,14,10,1
code-add-guard,code_review,"gated_entropy:tau=1.5,p_cut=0.9",164,0.2134,5,149,1.1007,0.3231,pass,14,10,1
code-add-guard,code_review,"gated_entropy:tau=2.0,p_cut=0.9",195,0.1487,5,191,1.0209,0.3231,pass,14,10,1
code-add-guard,code_review,"gated_entropy:tau=2.0,p_cut=0.8",195,0.1487,5,191,1.0209,0.3231,pass,14,10,1
code-add-guard,code_review,"gated_entropy:tau=3.0,p_cut=0.9",195,0.1487,5,191,1.0209,0.3231,pass,14,10,1
code-reformat-whitespace,code_review,tau:0.0,171,0.269,14,175,0.9771,0.2195,pass,18,13,0
code-reformat-whitespace,code_review,tau:3.0,160,0.4562,9,129,1.2403,0.2195,pass,15,10,9
code-reformat-whitespace,code_review,entropy_scaled:tau=1.5,142,0.493,10,126,1.127,0.2195,pass,17,11,30
code-reformat-whitespace,code_review,entropy_scaled:tau=1.75,140,0.5071,10,122,1.1475,0.2195,pass,19,12,30
code-reformat-whitespace,code_review,entropy_scaled:tau=2.0,140,0.5071,10,122,1.1475,0.2195,pass,19,12,30
code-reformat-whitespace,code_review,entropy_scaled:tau=2.25,140,0.5071,10,122,1.1475,0.2195,pass,19,12,30
code-reformat-whitespace,code_review,entropy_scaled:tau=2.5,140,0.5071,10,122,1.1475,0.2195,pass,19,12,30
code-reformat-whitespace,code_review,entropy_scaled:tau=2.75,140,0.5071,10,122,1.1475,0.2195,pass,19,12,30
code-reformat-whitespace,code_review,entropy_scaled:tau=3.0,158,0.4873,9,119,1.3277,0.2195,pass,14,8,0
code-reformat-whitespace,code_review,"entropy_floor:tau=2.0,floor=0.5",140,0.5071,10,122,1.1475,0.2195,pass,19,12,30
code-reformat-whitespace,code_review,"entropy_floor:tau=2.0,floor=1.0",140,0.5357,9,114,1.2281,0.2195,pass,17,11,30
code-reformat-whitespace,code_review,"entropy_floor:tau=2.5,floor=0.75",160,0.4562,9,129,1.2403,0.2195,pass,15,10,9
code-reformat-whitespace,code_review,"entropy_floor:tau=3.0,floor=0.5",160,0.4562,9,129,1.2403,0.2195,pass,15,10,9
code-reformat-whitespace,code_review,"entropy_floor:tau=3.0,floor=1.0",160,0.4562,9,129,1.2403,0.2195,pass,15,10,9
code-reformat-whitespace,code_review,"gated_entropy:tau=1.5,p_cut=0.9",142,0.493,10,126,1.127,0.2195,pass,17,11,30
code-reformat-whitespace,code_review,"gated_entropy:tau=2.0,p_cut=0.9",140,0.5071,10,122,1.1475,0.2195,pass,19,12,30
code-reformat-whitespace,code_review,"gated_entropy:tau=2.0,p_cut=0.8",140,0.5071,10,122,1.1475,0.2195,pass,19,12,30
code-reformat-whitespace,code_review,"gated_entropy:tau=3.0,p_cut=0.9",158,0.4873,9,119,1.3277,0.2195,pass,14,8,0
code-add-typehints,code_review,tau:0.0,131,0.2595,9,128,1.0234,0.2303,pass,15,10,0
code-add-typehints,code_review,tau:3.0,113,0.4336,6,96,1.1771,0.2303,pass,12,9,21
code-add-typehints,code_review,entropy_scaled:tau=1.5,185,0.2054,12,178,1.0393,0.2303,pass,18,13,0
code-add-typehints,code_review,entropy_scaled:tau=1.75,185,0.2054,12,178,1.0393,0.2303,pass,18,13,0
code-add-typehints,code_review,entropy_scaled:tau=2.0,185,0.2054,12,178,1.0393,0.2303,pass,18,13,0
code-add-typehints,code_review,entropy_scaled:tau=2.25,185,0.2054,12,178,1.0393,0.2303,pass,18,13,0
code-add-typehints,code_review,entropy_scaled:tau=2.5,185,0.2054,12,178,1.0393,0.2303,pass,18,13,0
code-add-typehints,code_review,entropy_scaled:tau=2.75,142,0.3521,10,132,1.0758,0.2303,pass,19,13,17
code-add-typehints,code_review,entropy_scaled:tau=3.0,142,0.3521,10,132,1.0758,0.2303,pass,19,13,17
code-add-typehints,code_review,"entropy_floor:tau=2.0,floor=0.5",185,0.2054,12,178,1.0393,0.2303,pass,18,13,0
code-add-typehints,code_review,"entropy_floor:tau=2.0,floor=1.0",142,0.3521,10,132,1.0758,0.2303,pass,19,13,17
code-add-typehints,code_review,"entropy_floor:tau=2.5,floor=0.75",142,0.3521,10,132,1.0758,0.2303,pass,19,13,17
code-add-typehints,code_review,"entropy_floor:tau=3.0,floor=0.5",142,0.3521,10,132,1.0758,0.2303,pass,19,13,17
code-add-typehints,code_review,"entropy_floor:tau=3.0,floor=1.0",142,0.3521,10,132,1.0758,0.2303,pass,19,13,17
code-add-typehints,code_review,"gated_entropy:tau=1.5,p_cut=0.9",185,0.2054,12,178,1.0393,0.2303,pass,18,13,0
code-add-typehints,code_review,"gated_entropy:tau=2.0,p_cut=0.9",185,0.2054,12,178,1.0393,0.2303,pass,18,13,0
code-add-typehints,code_review,"gated_entropy:tau=2.0,p_cut=0.8",185,0.2054,12,178,1.0393,0.2303,pass,18,13,0
code-add-typehints,code_review,"gated_entropy:tau=3.0,p_cut=0.9",142,0.3521,10,132,1.0758,0.2303,pass,19,13,17
code-break-logic,code_review,tau:0.0,429,0.0723,4,413,1.0387,0.0879,pass,21,18,0
code-break-logic,code_review,tau:3.0,219,0.0457,7,230,0.9522,0.0879,FAIL,22,17,15
code-break-logic,code_review,entropy_scaled:tau=1.5,429,0.0723,4,413,1.0387,0.0879,pass,21,18,0
code-break-logic,code_review,entropy_scaled:tau=1.75,363,0.0826,9,373,0.9732,0.0879,FAIL,18,16,12
code-break-logic,code_review,entropy_scaled:tau=2.0,363,0.0826,9,373,0.9732,0.0879,FAIL,18,16,12
code-break-logic,code_review,entropy_scaled:tau=2.25,363,0.0826,9,373,0.9732,0.0879,FAIL,18,16,12
code-break-logic,code_review,entropy_scaled:tau=2.5,363,0.0826,9,373,0.9732,0.0879,FAIL,18,16,12
code-break-logic,code_review,entropy_scaled:tau=2.75,363,0.0826,9,373,0.9732,0.0879,FAIL,18,16,12
code-break-logic,code_review,entropy_scaled:tau=3.0,222,0.1577,8,218,1.0183,0.0879,FAIL,19,15,15
code-break-logic,code_review,"entropy_floor:tau=2.0,floor=0.5",222,0.1577,8,218,1.0183,0.0879,FAIL,19,15,15
code-break-logic,code_review,"entropy_floor:tau=2.0,floor=1.0",221,0.1629,7,221,1.0,0.0879,FAIL,19,15,15
code-break-logic,code_review,"entropy_floor:tau=2.5,floor=0.75",221,0.1629,7,221,1.0,0.0879,FAIL,19,15,15
code-break-logic,code_review,"entropy_floor:tau=3.0,floor=0.5",221,0.1629,7,221,1.0,0.0879,FAIL,19,15,15
code-break-logic,code_review,"entropy_floor:tau=3.0,floor=1.0",221,0.1629,7,221,1.0,0.0879,FAIL,19,15,15
code-break-logic,code_review,"gated_entropy:tau=1.5,p_cut=0.9",429,0.0723,4,413,1.0387,0.0879,pass,21,18,0
code-break-logic,code_review,"gated_entropy:tau=2.0,p_cut=0.9",363,0.0826,9,373,0.9732,0.0879,FAIL,18,16,12
code-break-logic,code_review,"gated_entropy:tau=2.0,p_cut=0.8",363,0.0826,9,373,0.9732,0.0879,FAIL,18,16,12
code-break-logic,code_review,"gated_entropy:tau=3.0,p_cut=0.9",222,0.1577,8,218,1.0183,0.0879,FAIL,19,15,15
doc-report-shift-quarter,doc_summary,tau:0.0,43,0.7907,2,21,2.0476,0.9767,pass,5,2,0
doc-report-shift-quarter,doc_summary,tau:3.0,43,0.907,1,12,3.5833,0.9767,pass,3,1,0
doc-report-shift-quarter,doc_summary,entropy_scaled:tau=1.5,43,0.7907,2,21,2.0476,0.9767,pass,5,2,0
doc-report-shift-quarter,doc_summary,entropy_scaled:tau=1.75,43,0.7907,2,21,2.0476,0.9767,pass,5,2,0
doc-report-shift-quarter,doc_summary,entropy_scaled:tau=2.0,43,0.7907,2,21,2.0476,0.9767,pass,5,2,0
doc-report-shift-quarter,doc_summary,entropy_scaled:tau=2.25,43,0.907,1,12,3.5833,0.9767,pass,3,1,0
doc-report-shift-quarter,doc_summary,entropy_scaled:tau=2.5,43,0.907,1,12,3.5833,0.9767,pass,3,1,0
doc-report-shift-quarter,doc_summary,entropy_scaled:tau=2.75,43,0.907,1,12,3.5833,0.9767,pass,3,1,0
doc-report-shift-quarter,doc_summary,entropy_scaled:tau=3.0,43,0.907,1,12,3.5833,0.9767,pass,3,1,0
doc-report-shift-quarter,doc_summary,"entropy_floor:tau=2.0,floor=0.5",43,0.907,1,12,3.5833,0.9767,pass,3,1,0
doc-report-shift-quarter,doc_summary,"entropy_floor:tau=2.0,floor=1.0",43,0.907,1,12,3.5833,0.9767,pass,3,1,0
doc-report-shift-quarter,doc_summary,"entropy_floor:tau=2.5,floor=0.75",43,0.907,1,12,3.5833,0.9767,pass,3,1,0
doc-report-shift-quarter,doc_summary,"entropy_floor:tau=3.0,floor=0.5",43,0.907,1,12,3.5833,0.9767,pass,3,1,0
doc-report-shift-quarter,doc_summary,"entropy_floor:tau=3.0,floor=1.0",43,0.907,1,12,3.5833,0.9767,pass,3,1,0
doc-report-shift-quarter,doc_summary,"gated_entropy:tau=1.5,p_cut=0.9",43,0.7907,2,21,2.0476,0.9767,pass,5,2,0
doc-report-shift-quarter,doc_summary,"gated_entropy:tau=2.0,p_cut=0.9",43,0.7907,2,21,2.0476,0.9767,pass,5,2,0
doc-report-shift-quarter,doc_summary,"gated_entropy:tau=2.0,p_cut=0.8",43,0.7907,2,21,2.0476,0.9767,pass,5,2,0
doc-report-shift-quarter,doc_summary,"gated_entropy:tau=3.0,p_cut=0.9",43,0.907,1,12,3.5833,0.9767,pass,3,1,0
doc-report-swap-driver,doc_summary,tau:0.0,0,0.0,1,0,0.0,0.0,FAIL,1,0,0
doc-report-swap-driver,doc_summary,tau:3.0,0,0.0,1,0,0.0,0.0,FAIL,1,0,0
doc-report-swap-driver,doc_summary,entropy_scaled:tau=1.5,0,0.0,1,0,0.0,0.0,FAIL,1,0,0
doc-report-swap-driver,doc_summary,entropy_scaled:tau=1.75,0,0.0,1,0,0.0,0.0,FAIL,1,0,0
doc-report-swap-driver,doc_summary,entropy_scaled:tau=2.0,0,0.0,1,0,0.0,0.0,FAIL,1,0,0
doc-report-swap-driver,doc_summary,entropy_scaled:tau=2.25,0,0.0,1,0,0.0,0.0,FAIL,1,0,0
doc-report-swap-driver,doc_summary,entropy_scaled:tau=2.5,0,0.0,1,0,0.0,0.0,FAIL,1,0,0
doc-report-swap-driver,doc_summary,entropy_scaled:tau=2.75,0,0.0,1,0,0.0,0.0,FAIL,1,0,0
doc-report-swap-driver,doc_summary,entropy_scaled:tau=3.0,0,0.0,1,0,0.0,0.0,FAIL,1,0,0
doc-report-swap-driver,doc_summary,"entropy_floor:tau=2.0,floor=0.5",0,0.0,1,0,0.0,0.0,FAIL,1,0,0
doc-report-swap-driver,doc_summary,"entropy_floor:tau=2.0,floor=1.0",0,0.0,1,0,0.0,0.0,FAIL,1,0,0
doc-report-swap-driver,doc_summary,"entropy_floor:tau=2.5,floor=0.75",0,0.0,1,0,0.0,0.0,FAIL,1,0,0
doc-report-swap-driver,doc_summary,"entropy_floor:tau=3.0,floor=0.5",0,0.0,1,0,0.0,0.0,FAIL,1,0,0
doc-report-swap-driver,doc_summary,"entropy_floor:tau=3.0,floor=1.0",0,0.0,1,0,0.0,0.0,FAIL,1,0,0
doc-report-swap-driver,doc_summary,"gated_entropy:tau=1.5,p_cut=0.9",0,0.0,1,0,0.0,0.0,FAIL,1,0,0
doc-report-swap-driver,doc_summary,"gated_entropy:tau=2.0,p_cut=0.9",0,0.0,1,0,0.0,0.0,FAIL,1,0,0
doc-report-swap-driver,doc_summary,"gated_entropy:tau=2.0,p_cut=0.8",0,0.0,1,0,0.0,0.0,FAIL,1,0,0
doc-report-swap-driver,doc_summary,"gated_entropy:tau=3.0,p_cut=0.9",0,0.0,1,0,0.0,0.0,FAIL,1,0,0
doc-table-budget-increase,doc_summary,tau:0.0,27,0.5185,2,23,1.1739,0.5652,pass,4,3,0
doc-table-budget-increase,doc_summary,tau:3.0,27,0.5185,2,23,1.1739,0.5652,pass,4,3,0
doc-table-budget-increase,doc_summary,entropy_scaled:tau=1.5,27,0.5185,2,23,1.1739,0.5652,pass,4,3,0
doc-table-budget-increase,doc_summary,entropy_scaled:tau=1.75,27,0.5185,2,23,1.1739,0.5652,pass,4,3,0
doc-table-budget-increase,doc_summary,entropy_scaled:tau=2.0,27,0.5185,2,23,1.1739,0.5652,pass,4,3,0
doc-table-budget-increase,doc_summary,entropy_scaled:tau=2.25,27,0.5185,2,23,1.1739,0.5652,pass,4,3,0
doc-table-budget-increase,doc_summary,entropy_scaled:tau=2.5,27,0.5185,2,23,1.1739,0.5652,pass,4,3,0
doc-table-budget-increase,doc_summary,entropy_scaled:tau=2.75,27,0.5185,2,23,1.1739,0.5652,pass,4,3,0
doc-table-budget-increase,doc_summary,entropy_scaled:tau=3.0,27,0.5185,2,23,1.1739,0.5652,pass,4,3,0
doc-table-budget-increase,doc_summary,"entropy_floor:tau=2.0,floor=0.5",27,0.5185,2,23,1.1739,0.5652,pass,4,3,0
doc-table-budget-increase,doc_summary,"entropy_floor:tau=2.0,floor=1.0",27,0.5185,2,23,1.1739,0.5652,pass,4,3,0
doc-table-budget-increase,doc_summary,"entropy_floor:tau=2.5,floor=0.75",27,0.5185,2,23,1.1739,0.5652,pass,4,3,0
doc-table-budget-increase,doc_summary,"entropy_floor:tau=3.0,floor=0.5",27,0.5185,2,23,1.1739,0.5652,pass,4,3,0
doc-table-budget-increase,doc_summary,"entropy_floor:tau=3.0,floor=1.0",27,0.5185,2,23,1.1739,0.5652,pass,4,3,0
doc-table-budget-increase,doc_summary,"gated_entropy:tau=1.5,p_cut=0.9",27,0.5185,2,23,1.1739,0.5652,pass,4,3,0
doc-table-budget-increase,doc_summary,"gated_entropy:tau=2.0,p_cut=0.9",27,0.5185,2,23,1.1739,0.5652,pass,4,3,0
doc-table-budget-increase,doc_summary,"gated_entropy:tau=2.0,p_cut=0.8",27,0.5185,2,23,1.1739,0.5652,pass,4,3,0
doc-table-budget-increase,doc_summary,"gated_entropy:tau=3.0,p_cut=0.9",27,0.5185,2,23,1.1739,0.5652,pass,4,3,0
doc-table-new-department,doc_summary,tau:0.0,80,0.2875,7,86,0.9302,0.3366,FAIL,10,7,0
doc-table-new-department,doc_summary,tau:3.0,82,0.2439,5,87,0.9425,0.3366,FAIL,9,6,4
doc-table-new-department,doc_summary,entropy_scaled:tau=1.5,80,0.2875,7,86,0.9302,0.3366,FAIL,10,7,0
doc-table-new-department,doc_summary,entropy_scaled:tau=1.75,80,0.2875,7,86,0.9302,0.3366,FAIL,10,7,0
doc-table-new-department,doc_summary,entropy_scaled:tau=2.0,80,0.2875,7,86,0.9302,0.3366,FAIL,10,7,0
doc-table-new-department,doc_summary,entropy_scaled:tau=2.25,80,0.2875,7,86,0.9302,0.3366,FAIL,10,7,0
doc-table-new-department,doc_summary,entropy_scaled:tau=2.5,31,0.2903,3,32,0.9688,0.3366,pass,4,3,0
doc-table-new-department,doc_summary,entropy_scaled:tau=2.75,31,0.2903,3,32,0.9688,0.3366,pass,4,3,0
doc-table-new-department,doc_summary,entropy_scaled:tau=3.0,31,0.2903,3,32,0.9688,0.3366,pass,4,3,0
doc-table-new-department,doc_summary,"entropy_floor:tau=2.0,floor=0.5",31,0.2903,3,32,0.9688,0.3366,pass,4,3,0
doc-table-new-department,doc_summary,"entropy_floor:tau=2.0,floor=1.0",31,0.2903,3,32,0.9688,0.3366,pass,4,3,0
doc-table-new-department,doc_summary,"entropy_floor:tau=2.5,floor=0.75",31,0.2903,3,32,0.9688,0.3366,pass,4,3,0
doc-table-new-department,doc_summary,"entropy_floor:tau=3.0,floor=0.5",31,0.2903,3,32,0.9688,0.3366,pass,4,3,0
doc-table-new-department,doc_summary,"entropy_floor:tau=3.0,floor=1.0",31,0.2903,3,32,0.9688,0.3366,pass,4,3,0
doc-table-new-department,doc_summary,"gated_entropy:tau=1.5,p_cut=0.9",80,0.2875,7,86,0.9302,0.3366,FAIL,10,7,0
doc-table-new-department,doc_summary,"gated_entropy:tau=2.0,p_cut=0.9",80,0.2875,7,86,0.9302,0.3366,FAIL,10,7,0
doc-table-new-department,doc_summary,"gated_entropy:tau=2.0,p_cut=0.8",80,0.2875,7,86,0.9302,0.3366,FAIL,10,7,0
doc-table-new-department,doc_summary,"gated_entropy:tau=3.0,p_cut=0.9",31,0.2903,3,32,0.9688,0.3366,pass,4,3,0
doc-changelog-new-version,doc_summary,tau:0.0,37,0.1351,3,41,0.9024,0.2162,pass,5,4,0
doc-changelog-new-version,doc_summary,tau:3.0,37,0.1351,3,41,0.9024,0.2162,pass,5,4,0
doc-changelog-new-version,doc_summary,entropy_scaled:tau=1.5,37,0.1351,3,41,0.9024,0.2162,pass,5,4,0
doc-changelog-new-version,doc_summary,entropy_scaled:tau=1.75,37,0.1351,3,41,0.9024,0.2162,pass,5,4,0
doc-changelog-new-version,doc_summary,entropy_scaled:tau=2.0,37,0.1351,3,41,0.9024,0.2162,pass,5,4,0
doc-changelog-new-version,doc_summary,entropy_scaled:tau=2.25,37,0.1351,3,41,0.9024,0.2162,pass,5,4,0
doc-changelog-new-version,doc_summary,entropy_scaled:tau=2.5,37,0.1351,3,41,0.9024,0.2162,pass,5,4,0
doc-changelog-new-version,doc_summary,entropy_scaled:tau=2.75,37,0.1351,3,41,0.9024,0.2162,pass,5,4,0
doc-changelog-new-version,doc_summary,entropy_scaled:tau=3.0,37,0.1351,3,41,0.9024,0.2162,pass,5,4,0
doc-changelog-new-version,doc_summary,"entropy_floor:tau=2.0,floor=0.5",37,0.1351,3,41,0.9024,0.2162,pass,5,4,0
doc-changelog-new-version,doc_summary,"entropy_floor:tau=2.0,floor=1.0",37,0.1351,3,41,0.9024,0.2162,pass,5,4,0
doc-changelog-new-version,doc_summary,"entropy_floor:tau=2.5,floor=0.75",37,0.1351,3,41,0.9024,0.2162,pass,5,4,0
doc-changelog-new-version,doc_summary,"entropy_floor:tau=3.0,floor=0.5",37,0.1351,3,41,0.9024,0.2162,pass,5,4,0
doc-changelog-new-version,doc_summary,"entropy_floor:tau=3.0,floor=1.0",37,0.1351,3,41,0.9024,0.2162,pass,5,4,0
doc-changelog-new-version,doc_summary,"gated_entropy:tau=1.5,p_cut=0.9",37,0.1351,3,41,0.9024,0.2162,pass,5,4,0
doc-changelog-new-version,doc_summary,"gated_entropy:tau=2.0,p_cut=0.9",37,0.1351,3,41,0.9024,0.2162,pass,5,4,0
doc-changelog-new-version,doc_summary,"gated_entropy:tau=2.0,p_cut=0.8",37,0.1351,3,41,0.9024,0.2162,pass,5,4,0
doc-changelog-new-version,doc_summary,"gated_entropy:tau=3.0,p_cut=0.9",37,0.1351,3,41,0.9024,0.2162,pass,5,4,0
doc-changelog-version-bump-message,doc_summary,tau:0.0,44,0.2045,4,55,0.8,0.439,FAIL,9,6,0
doc-changelog-version-bump-message,doc_summary,tau:3.0,33,0.7576,3,19,1.7368,0.439,FAIL,4,2,0
doc-changelog-version-bump-message,doc_summary,entropy_scaled:tau=1.5,44,0.2045,4,55,0.8,0.439,FAIL,9,6,0
doc-changelog-version-bump-message,doc_summary,entropy_scaled:tau=1.75,44,0.2045,4,55,0.8,0.439,FAIL,9,6,0
doc-changelog-version-bump-message,doc_summary,entropy_scaled:tau=2.0,44,0.2045,4,55,0.8,0.439,FAIL,9,6,0
doc-changelog-version-bump-message,doc_summary,entropy_scaled:tau=2.25,44,0.2045,4,55,0.8,0.439,FAIL,9,6,0
doc-changelog-version-bump-message,doc_summary,entropy_scaled:tau=2.5,44,0.2045,4,55,0.8,0.439,FAIL,9,6,0
doc-changelog-version-bump-message,doc_summary,entropy_scaled:tau=2.75,44,0.2045,4,55,0.8,0.439,FAIL,9,6,0
doc-changelog-version-bump-message,doc_summary,entropy_scaled:tau=3.0,44,0.2045,4,55,0.8,0.439,FAIL,9,6,0
doc-changelog-version-bump-message,doc_summary,"entropy_floor:tau=2.0,floor=0.5",44,0.2045,4,55,0.8,0.439,FAIL,9,6,0
doc-changelog-version-bump-message,doc_summary,"entropy_floor:tau=2.0,floor=1.0",44,0.2045,4,55,0.8,0.439,FAIL,9,6,0
doc-changelog-version-bump-message,doc_summary,"entropy_floor:tau=2.5,floor=0.75",44,0.2045,4,55,0.8,0.439,FAIL,9,6,0
doc-changelog-version-bump-message,doc_summary,"entropy_floor:tau=3.0,floor=0.5",44,0.2045,4,55,0.8,0.439,FAIL,9,6,0
doc-changelog-version-bump-message,doc_summary,"entropy_floor:tau=3.0,floor=1.0",33,0.6364,4,28,1.1786,0.439,FAIL,6,3,0
doc-changelog-version-bump-message,doc_summary,"gated_entropy:tau=1.5,p_cut=0.9",44,0.2045,4,55,0.8,0.439,FAIL,9,6,0
doc-changelog-version-bump-message,doc_summary,"gated_entropy:tau=2.0,p_cut=0.9",44,0.2045,4,55,0.8,0.439,FAIL,9,6,0
doc-changelog-version-bump-message,doc_summary,"gated_entropy:tau=2.0,p_cut=0.8",44,0.2045,4,55,0.8,0.439,FAIL,9,6,0
doc-changelog-version-bump-message,doc_summary,"gated_entropy:tau=3.0,p_cut=0.9",44,0.2045,4,55,0.8,0.439,FAIL,9,6,0
doc-status-flip-blocked,doc_summary,tau:0.0,27,0.1481,3,37,0.7297,0.3704,pass,4,3,0
doc-status-flip-blocked,doc_summary,tau:3.0,25,0.84,1,11,2.2727,0.3704,pass,3,1,0
doc-status-flip-blocked,doc_summary,entropy_scaled:tau=1.5,30,0.1333,3,41,0.7317,0.3704,pass,7,5,0
doc-status-flip-blocked,doc_summary,entropy_scaled:tau=1.75,30,0.1333,3,41,0.7317,0.3704,pass,7,5,0
doc-status-flip-blocked,doc_summary,entropy_scaled:tau=2.0,30,0.1333,3,41,0.7317,0.3704,pass,7,5,0
doc-status-flip-blocked,doc_summary,entropy_scaled:tau=2.25,30,0.1333,3,41,0.7317,0.3704,pass,7,5,0
doc-status-flip-blocked,doc_summary,entropy_scaled:tau=2.5,30,0.1333,3,41,0.7317,0.3704,pass,7,5,0
doc-status-flip-blocked,doc_summary,entropy_scaled:tau=2.75,30,0.1333,3,41,0.7317,0.3704,pass,7,5,0
doc-status-flip-blocked,doc_summary,entropy_scaled:tau=3.0,30,0.1333,3,41,0.7317,0.3704,pass,7,5,0
doc-status-flip-blocked,doc_summary,"entropy_floor:tau=2.0,floor=0.5",30,0.1333,3,41,0.7317,0.3704,pass,7,5,0
doc-status-flip-blocked,doc_summary,"entropy_floor:tau=2.0,floor=1.0",30,0.1333,3,41,0.7317,0.3704,pass,7,5,0
doc-status-flip-blocked,doc_summary,"entropy_floor:tau=2.5,floor=0.75",30,0.1333,3,41,0.7317,0.3704,pass,7,5,0
doc-status-flip-blocked,doc_summary,"entropy_floor:tau=3.0,floor=0.5",30,0.1333,3,41,0.7317,0.3704,pass,7,5,0
doc-status-flip-blocked,doc_summary,"entropy_floor:tau=3.0,floor=1.0",30,0.1333,3,41,0.7317,0.3704,pass,7,5,0
doc-status-flip-blocked,doc_summary,"gated_entropy:tau=1.5,p_cut=0.9",30,0.1333,3,41,0.7317,0.3704,pass,7,5,0
doc-status-flip-blocked,doc_summary,"gated_entropy:tau=2.0,p_cut=0.9",30,0.1333,3,41,0.7317,0.3704,pass,7,5,0
doc-status-flip-blocked,doc_summary,"gated_entropy:tau=2.0,p_cut=0.8",30,0.1333,3,41,0.7317,0.3704,pass,7,5,0
doc-status-flip-blocked,doc_summary,"gated_entropy:tau=3.0,p_cut=0.9",30,0.1333,3,41,0.7317,0.3704,pass,7,5,0
doc-status-flip-owner,doc_summary,tau:0.0,11,0.0909,2,19,0.5789,0.0,pass,5,3,0
doc-status-flip-owner,doc_summary,tau:3.0,11,0.0909,2,19,0.5789,0.0,pass,5,3,0
doc-status-flip-owner,doc_summary,entropy_scaled:tau=1.5,11,0.0909,2,19,0.5789,0.0,pass,5,3,0
doc-status-flip-owner,doc_summary,entropy_scaled:tau=1.75,11,0.0909,2,19,0.5789,0.0,pass,5,3,0
doc-status-flip-owner,doc_summary,entropy_scaled:tau=2.0,11,0.0909,2,19,0.5789,0.0,pass,5,3,0
doc-status-flip-owner,doc_summary,entropy_scaled:tau=2.25,11,0.0909,2,19,0.5789,0.0,pass,5,3,0
doc-status-flip-owner,doc_summary,entropy_scaled:tau=2.5,11,0.0909,2,19,0.5789,0.0,pass,5,3,0
doc-status-flip-owner,doc_summary,entropy_scaled:tau=2.75,11,0.0909,2,19,0.5789,0.0,pass,5,3,0
doc-status-flip-owner,doc_summary,entropy_scaled:tau=3.0,11,0.0909,2,19,0.5789,0.0,pass,5,3,0
doc-status-flip-owner,doc_summary,"entropy_floor:tau=2.0,floor=0.5",11,0.0909,2,19,0.5789,0.0,pass,5,3,0
doc-status-flip-owner,doc_summary,"entropy_floor:tau=2.0,floor=1.0",11,0.0909,2,19,0.5789,0.0,pass,5,3,0
doc-status-flip-owner,doc_summary,"entropy_floor:tau=2.5,floor=0.75",11,0.0909,2,19,0.5789,0.0,pass,5,3,0
doc-status-flip-owner,doc_summary,"entropy_floor:tau=3.0,floor=0.5",11,0.0909,2,19,0.5789,0.0,pass,5,3,0
doc-status-flip-owner,doc_summary,"entropy_floor:tau=3.0,floor=1.0",11,0.0909,2,19,0.5789,0.0,pass,5,3,0
doc-status-flip-owner,doc_summary,"gated_entropy:tau=1.5,p_cut=0.9",11,0.0909,2,19,0.5789,0.0,pass,5,3,0
doc-status-flip-owner,doc_summary,"gated_entropy:tau=2.0,p_cut=0.9",11,0.0909,2,19,0.5789,0.0,pass,5,3,0
doc-status-flip-owner,doc_summary,"gated_entropy:tau=2.0,p_cut=0.8",11,0.0909,2,19,0.5789,0.0,pass,5,3,0
doc-status-flip-owner,doc_summary,"gated_entropy:tau=3.0,p_cut=0.9",11,0.0909,2,19,0.5789,0.0,pass,5,3,0
doc-number-correction-headcount,doc_summary,tau:0.0,54,0.3333,3,46,1.1739,0.7308,pass,7,5,0
doc-number-correction-headcount,doc_summary,tau:3.0,58,0.8276,3,23,2.5217,0.7308,pass,5,2,0
doc-number-correction-headcount,doc_summary,entropy_scaled:tau=1.5,62,0.6774,3,37,1.6757,0.7308,pass,7,4,0
doc-number-correction-headcount,doc_summary,entropy_scaled:tau=1.75,58,0.8276,3,23,2.5217,0.7308,pass,5,2,0
doc-number-correction-headcount,doc_summary,entropy_scaled:tau=2.0,58,0.8276,3,23,2.5217,0.7308,pass,5,2,0
doc-number-correction-headcount,doc_summary,entropy_scaled:tau=2.25,58,0.8276,3,23,2.5217,0.7308,pass,5,2,0
doc-number-correction-headcount,doc_summary,entropy_scaled:tau=2.5,58,0.8276,3,23,2.5217,0.7308,pass,5,2,0
doc-number-correction-headcount,doc_summary,entropy_scaled:tau=2.75,58,0.8276,3,23,2.5217,0.7308,pass,5,2,0
doc-number-correction-headcount,doc_summary,entropy_scaled:tau=3.0,58,0.8276,3,23,2.5217,0.7308,pass,5,2,0
doc-number-correction-headcount,doc_summary,"entropy_floor:tau=2.0,floor=0.5",58,0.8276,3,23,2.5217,0.7308,pass,5,2,0
doc-number-correction-headcount,doc_summary,"entropy_floor:tau=2.0,floor=1.0",58,0.8276,3,23,2.5217,0.7308,pass,5,2,0
doc-number-correction-headcount,doc_summary,"entropy_floor:tau=2.5,floor=0.75",58,0.8276,3,23,2.5217,0.7308,pass,5,2,0
doc-number-correction-headcount,doc_summary,"entropy_floor:tau=3.0,floor=0.5",58,0.8276,3,23,2.5217,0.7308,pass,5,2,0
doc-number-correction-headcount,doc_summary,"entropy_floor:tau=3.0,floor=1.0",58,0.8276,3,23,2.5217,0.7308,pass,5,2,0
doc-number-correction-headcount,doc_summary,"gated_entropy:tau=1.5,p_cut=0.9",62,0.6774,3,37,1.6757,0.7308,pass,7,4,0
doc-number-correction-headcount,doc_summary,"gated_entropy:tau=2.0,p_cut=0.9",58,0.8276,3,23,2.5217,0.7308,pass,5,2,0
doc-number-correction-headcount,doc_summary,"gated_entropy:tau=2.0,p_cut=0.8",58,0.8276,3,23,2.5217,0.7308,pass,5,2,0
doc-number-correction-headcount,doc_summary,"gated_entropy:tau=3.0,p_cut=0.9",58,0.8276,3,23,2.5217,0.7308,pass,5,2,0
doc-date-correction-deadline,doc_summary,tau:0.0,21,0.5238,2,20,1.05,0.6667,pass,4,3,0
doc-date-correction-deadline,doc_summary,tau:3.0,21,0.5238,2,20,1.05,0.6667,pass,4,3,0
doc-date-correction-deadline,doc_summary,entropy_scaled:tau=1.5,21,0.5238,2,20,1.05,0.6667,pass,4,3,0
doc-date-correction-deadline,doc_summary,entropy_scaled:tau=1.75,21,0.5238,2,20,1.05,0.6667,pass,4,3,0
doc-date-correction-deadline,doc_summary,entropy_scaled:tau=2.0,21,0.5238,2,20,1.05,0.6667,pass,4,3,0
doc-date-correction-deadline,doc_summary,entropy_scaled:tau=2.25,21,0.5238,2,20,1.05,0.6667,pass,4,3,0
doc-date-correction-deadline,doc_summary,entropy_scaled:tau=2.5,21,0.5238,2,20,1.05,0.6667,pass,4,3,0
doc-date-correction-deadline,doc_summary,entropy_scaled:tau=2.75,21,0.5238,2,20,1.05,0.6667,pass,4,3,0
doc-date-correction-deadline,doc_summary,entropy_scaled:tau=3.0,21,0.5238,2,20,1.05,0.6667,pass,4,3,0
doc-date-correction-deadline,doc_summary,"entropy_floor:tau=2.0,floor=0.5",21,0.5238,2,20,1.05,0.6667,pass,4,3,0
doc-date-correction-deadline,doc_summary,"entropy_floor:tau=2.0,floor=1.0",21,0.5238,2,20,1.05,0.6667,pass,4,3,0
doc-date-correction-deadline,doc_summary,"entropy_floor:tau=2.5,floor=0.75",21,0.5238,2,20,1.05,0.6667,pass,4,3,0
doc-date-correction-deadline,doc_summary,"entropy_floor:tau=3.0,floor=0.5",21,0.5238,2,20,1.05,0.6667,pass,4,3,0
doc-date-correction-deadline,doc_summary,"entropy_floor:tau=3.0,floor=1.0",21,0.5238,2,20,1.05,0.6667,pass,4,3,0
doc-date-correction-deadline,doc_summary,"gated_entropy:tau=1.5,p_cut=0.9",21,0.5238,2,20,1.05,0.6667,pass,4,3,0
doc-date-correction-deadline,doc_summary,"gated_entropy:tau=2.0,p_cut=0.9",21,0.5238,2,20,1.05,0.6667,pass,4,3,0
doc-date-correction-deadline,doc_summary,"gated_entropy:tau=2.0,p_cut=0.8",21,0.5238,2,20,1.05,0.6667,pass,4,3,0
doc-date-correction-deadline,doc_summary,"gated_entropy:tau=3.0,p_cut=0.9",21,0.5238,2,20,1.05,0.6667,pass,4,3,0
doc-section-deletion-caveat,doc_summary,tau:0.0,11,0.7273,2,13,0.8462,0.5455,pass,3,2,0
doc-section-deletion-caveat,doc_summary,tau:3.0,11,0.7273,2,13,0.8462,0.5455,pass,3,2,0
doc-section-deletion-caveat,doc_summary,entropy_scaled:tau=1.5,11,0.7273,2,13,0.8462,0.5455,pass,3,2,0
doc-section-deletion-caveat,doc_summary,entropy_scaled:tau=1.75,11,0.7273,2,13,0.8462,0.5455,pass,3,2,0
doc-section-deletion-caveat,doc_summary,entropy_scaled:tau=2.0,11,0.7273,2,13,0.8462,0.5455,pass,3,2,0
doc-section-deletion-caveat,doc_summary,entropy_scaled:tau=2.25,11,0.7273,2,13,0.8462,0.5455,pass,3,2,0
doc-section-deletion-caveat,doc_summary,entropy_scaled:tau=2.5,11,0.7273,2,13,0.8462,0.5455,pass,3,2,0
doc-section-deletion-caveat,doc_summary,entropy_scaled:tau=2.75,11,0.7273,2,13,0.8462,0.5455,pass,3,2,0
doc-section-deletion-caveat,doc_summary,entropy_scaled:tau=3.0,11,0.7273,2,13,0.8462,0.5455,pass,3,2,0
doc-section-deletion-caveat,doc_summary,"entropy_floor:tau=2.0,floor=0.5",11,0.7273,2,13,0.8462,0.5455,pass,3,2,0
doc-section-deletion-caveat,doc_summary,"entropy_floor:tau=2.0,floor=1.0",11,0.7273,2,13,0.8462,0.5455,pass,3,2,0
doc-section-deletion-caveat,doc_summary,"entropy_floor:tau=2.5,floor=0.75",11,0.7273,2,13,0.8462,0.5455,pass,3,2,0
doc-section-deletion-caveat,doc_summary,"entropy_floor:tau=3.0,floor=0.5",11,0.7273,2,13,0.8462,0.5455,pass,3,2,0
doc-section-deletion-caveat,doc_summary,"entropy_floor:tau=3.0,floor=1.0",11,0.7273,2,13,0.8462,0.5455,pass,3,2,0
doc-section-deletion-caveat,doc_summary,"gated_entropy:tau=1.5,p_cut=0.9",11,0.7273,2,13,0.8462,0.5455,pass,3,2,0
doc-section-deletion-caveat,doc_summary,"gated_entropy:tau=2.0,p_cut=0.9",11,0.7273,2,13,0.8462,0.5455,pass,3,2,0
doc-section-deletion-caveat,doc_summary,"gated_entropy:tau=2.0,p_cut=0.8",11,0.7273,2,13,0.8462,0.5455,pass,3,2,0
doc-section-deletion-caveat,doc_summary,"gated_entropy:tau=3.0,p_cut=0.9",11,0.7273,2,13,0.8462,0.5455,pass,3,2,0
doc-section-deletion-example,doc_summary,tau:0.0,25,0.32,3,32,0.7812,0.4,pass,7,4,0
doc-section-deletion-example,doc_summary,tau:3.0,29,0.3103,2,30,0.9667,0.4,pass,4,3,0
doc-section-deletion-example,doc_summary,entropy_scaled:tau=1.5,25,0.32,3,32,0.7812,0.4,pass,7,4,0
doc-section-deletion-example,doc_summary,entropy_scaled:tau=1.75,25,0.32,3,32,0.7812,0.4,pass,7,4,0
doc-section-deletion-example,doc_summary,entropy_scaled:tau=2.0,25,0.32,3,32,0.7812,0.4,pass,7,4,0
doc-section-deletion-example,doc_summary,entropy_scaled:tau=2.25,25,0.32,3,32,0.7812,0.4,pass,7,4,0
doc-section-deletion-example,doc_summary,entropy_scaled:tau=2.5,25,0.32,3,32,0.7812,0.4,pass,7,4,0
doc-section-deletion-example,doc_summary,entropy_scaled:tau=2.75,25,0.32,3,32,0.7812,0.4,pass,7,4,0
doc-section-deletion-example,doc_summary,entropy_scaled:tau=3.0,25,0.32,3,32,0.7812,0.4,pass,7,4,0
doc-section-deletion-example,doc_summary,"entropy_floor:tau=2.0,floor=0.5",25,0.32,3,32,0.7812,0.4,pass,7,4,0
doc-section-deletion-example,doc_summary,"entropy_floor:tau=2.0,floor=1.0",25,0.32,3,32,0.7812,0.4,pass,7,4,0
doc-section-deletion-example,doc_summary,"entropy_floor:tau=2.5,floor=0.75",25,0.32,3,32,0.7812,0.4,pass,7,4,0
doc-section-deletion-example,doc_summary,"entropy_floor:tau=3.0,floor=0.5",25,0.32,3,32,0.7812,0.4,pass,7,4,0
doc-section-deletion-example,doc_summary,"entropy_floor:tau=3.0,floor=1.0",25,0.32,3,32,0.7812,0.4,pass,7,4,0
doc-section-deletion-example,doc_summary,"gated_entropy:tau=1.5,p_cut=0.9",25,0.32,3,32,0.7812,0.4,pass,7,4,0
doc-section-deletion-example,doc_summary,"gated_entropy:tau=2.0,p_cut=0.9",25,0.32,3,32,0.7812,0.4,pass,7,4,0
doc-section-deletion-example,doc_summary,"gated_entropy:tau=2.0,p_cut=0.8",25,0.32,3,32,0.7812,0.4,pass,7,4,0
doc-section-deletion-example,doc_summary,"gated_entropy:tau=3.0,p_cut=0.9",25,0.32,3,32,0.7812,0.4,pass,7,4,0
doc-typo-fix,doc_summary,tau:0.0,109,0.156,9,122,0.8934,0.2748,pass,7,6,0
doc-typo-fix,doc_summary,tau:3.0,69,0.942,1,13,5.3077,0.2748,pass,3,1,0
doc-typo-fix,doc_summary,entropy_scaled:tau=1.5,69,0.8841,2,21,3.2857,0.2748,pass,5,2,0
doc-typo-fix,doc_summary,entropy_scaled:tau=1.75,69,0.8841,2,21,3.2857,0.2748,pass,5,2,0
doc-typo-fix,doc_summary,entropy_scaled:tau=2.0,69,0.8551,3,27,2.5556,0.2748,pass,6,3,0
doc-typo-fix,doc_summary,entropy_scaled:tau=2.25,69,0.942,1,13,5.3077,0.2748,pass,3,1,0
doc-typo-fix,doc_summary,entropy_scaled:tau=2.5,69,0.942,1,13,5.3077,0.2748,pass,3,1,0
doc-typo-fix,doc_summary,entropy_scaled:tau=2.75,69,0.942,1,13,5.3077,0.2748,pass,3,1,0
doc-typo-fix,doc_summary,entropy_scaled:tau=3.0,69,0.942,1,13,5.3077,0.2748,pass,3,1,0
doc-typo-fix,doc_summary,"entropy_floor:tau=2.0,floor=0.5",69,0.942,1,13,5.3077,0.2748,pass,3,1,0
doc-typo-fix,doc_summary,"entropy_floor:tau=2.0,floor=1.0",69,0.942,1,13,5.3077,0.2748,pass,3,1,0
doc-typo-fix,doc_summary,"entropy_floor:tau=2.5,floor=0.75",69,0.942,1,13,5.3077,0.2748,pass,3,1,0
doc-typo-fix,doc_summary,"entropy_floor:tau=3.0,floor=0.5",69,0.942,1,13,5.3077,0.2748,pass,3,1,0
doc-typo-fix,doc_summary,"entropy_floor:tau=3.0,floor=1.0",69,0.942,1,13,5.3077,0.2748,pass,3,1,0
doc-typo-fix,doc_summary,"gated_entropy:tau=1.5,p_cut=0.9",69,0.8841,2,21,3.2857,0.2748,pass,5,2,0
doc-typo-fix,doc_summary,"gated_entropy:tau=2.0,p_cut=0.9",69,0.8551,3,27,2.5556,0.2748,pass,6,3,0
doc-typo-fix,doc_summary,"gated_entropy:tau=2.0,p_cut=0.8",69,0.8551,3,27,2.5556,0.2748,pass,6,3,0
doc-typo-fix,doc_summary,"gated_entropy:tau=3.0,p_cut=0.9",69,0.942,1,13,5.3077,0.2748,pass,3,1,0
doc-append-sentence,doc_summary,tau:0.0,123,0.1789,7,130,0.9462,0.271,pass,9,7,0
doc-append-sentence,doc_summary,tau:3.0,93,0.4731,5,79,1.1772,0.271,pass,15,10,7
doc-append-sentence,doc_summary,entropy_scaled:tau=1.5,123,0.1789,7,130,0.9462,0.271,pass,9,7,0
doc-append-sentence,doc_summary,entropy_scaled:tau=1.75,123,0.1789,7,130,0.9462,0.271,pass,9,7,0
doc-append-sentence,doc_summary,entropy_scaled:tau=2.0,123,0.1789,7,130,0.9462,0.271,pass,9,7,0
doc-append-sentence,doc_summary,entropy_scaled:tau=2.25,123,0.1789,7,130,0.9462,0.271,pass,9,7,0
doc-append-sentence,doc_summary,entropy_scaled:tau=2.5,123,0.1789,7,130,0.9462,0.271,pass,9,7,0
doc-append-sentence,doc_summary,entropy_scaled:tau=2.75,90,0.4222,5,77,1.1688,0.271,pass,13,9,5
doc-append-sentence,doc_summary,entropy_scaled:tau=3.0,90,0.4222,5,77,1.1688,0.271,pass,13,9,5
doc-append-sentence,doc_summary,"entropy_floor:tau=2.0,floor=0.5",90,0.4222,5,77,1.1688,0.271,pass,13,9,5
doc-append-sentence,doc_summary,"entropy_floor:tau=2.0,floor=1.0",90,0.4222,5,77,1.1688,0.271,pass,13,9,5
doc-append-sentence,doc_summary,"entropy_floor:tau=2.5,floor=0.75",90,0.4222,5,77,1.1688,0.271,pass,13,9,5
doc-append-sentence,doc_summary,"entropy_floor:tau=3.0,floor=0.5",90,0.4222,5,77,1.1688,0.271,pass,13,9,5
doc-append-sentence,doc_summary,"entropy_floor:tau=3.0,floor=1.0",90,0.4222,5,77,1.1688,0.271,pass,13,9,5
doc-append-sentence,doc_summary,"gated_entropy:tau=1.5,p_cut=0.9",123,0.1789,7,130,0.9462,0.271,pass,9,7,0
doc-append-sentence,doc_summary,"gated_entropy:tau=2.0,p_cut=0.9",123,0.1789,7,130,0.9462,0.271,pass,9,7,0
doc-append-sentence,doc_summary,"gated_entropy:tau=2.0,p_cut=0.8",123,0.1789,7,130,0.9462,0.271,pass,9,7,0
doc-append-sentence,doc_summary,"gated_entropy:tau=3.0,p_cut=0.9",90,0.4222,5,77,1.1688,0.271,pass,13,9,5
doc-reword-middle,doc_summary,tau:0.0,85,0.3412,6,85,1.0,0.597,pass,8,6,0
doc-reword-middle,doc_summary,tau:3.0,85,0.3412,6,85,1.0,0.597,pass,8,6,0
doc-reword-middle,doc_summary,entropy_scaled:tau=1.5,85,0.3412,6,85,1.0,0.597,pass,8,6,0
doc-reword-middle,doc_summary,entropy_scaled:tau=1.75,85,0.3412,6,85,1.0,0.597,pass,8,6,0
doc-reword-middle,doc_summary,entropy_scaled:tau=2.0,85,0.3412,6,85,1.0,0.597,pass,8,6,0
doc-reword-middle,doc_summary,entropy_scaled:tau=2.25,85,0.3412,6,85,1.0,0.597,pass,8,6,0
doc-reword-middle,doc_summary,entropy_scaled:tau=2.5,85,0.3412,6,85,1.0,0.597,pass,8,6,0
doc-reword-middle,doc_summary,entropy_scaled:tau=2.75,85,0.3412,6,85,1.0,0.597,pass,8,6,0
doc-reword-middle,doc_summary,entropy_scaled:tau=3.0,85,0.3412,6,85,1.0,0.597,pass,8,6,0
doc-reword-middle,doc_summary,"entropy_floor:tau=2.0,floor=0.5",85,0.3412,6,85,1.0,0.597,pass,8,6,0
doc-reword-middle,doc_summary,"entropy_floor:tau=2.0,floor=1.0",85,0.3412,6,85,1.0,0.597,pass,8,6,0
doc-reword-middle,doc_summary,"entropy_floor:tau=2.5,floor=0.75",85,0.3412,6,85,1.0,0.597,pass,8,6,0
doc-reword-middle,doc_summary,"entropy_floor:tau=3.0,floor=0.5",85,0.3412,6,85,1.0,0.597,pass,8,6,0
doc-reword-middle,doc_summary,"entropy_floor:tau=3.0,floor=1.0",85,0.3412,6,85,1.0,0.597,pass,8,6,0
doc-reword-middle,doc_summary,"gated_entropy:tau=1.5,p_cut=0.9",85,0.3412,6,85,1.0,0.597,pass,8,6,0
doc-reword-middle,doc_summary,"gated_entropy:tau=2.0,p_cut=0.9",85,0.3412,6,85,1.0,0.597,pass,8,6,0
doc-reword-middle,doc_summary,"gated_entropy:tau=2.0,p_cut=0.8",85,0.3412,6,85,1.0,0.597,pass,8,6,0
doc-reword-middle,doc_summary,"gated_entropy:tau=3.0,p_cut=0.9",85,0.3412,6,85,1.0,0.597,pass,8,6,0
doc-append-unrelated,doc_summary,tau:0.0,0,0.0,1,0,0.0,0.0,FAIL,1,0,0
doc-append-unrelated,doc_summary,tau:3.0,0,0.0,1,0,0.0,0.0,FAIL,1,0,0
doc-append-unrelated,doc_summary,entropy_scaled:tau=1.5,0,0.0,1,0,0.0,0.0,FAIL,1,0,0
doc-append-unrelated,doc_summary,entropy_scaled:tau=1.75,0,0.0,1,0,0.0,0.0,FAIL,1,0,0
doc-append-unrelated,doc_summary,entropy_scaled:tau=2.0,0,0.0,1,0,0.0,0.0,FAIL,1,0,0
doc-append-unrelated,doc_summary,entropy_scaled:tau=2.25,0,0.0,1,0,0.0,0.0,FAIL,1,0,0
doc-append-unrelated,doc_summary,entropy_scaled:tau=2.5,0,0.0,1,0,0.0,0.0,FAIL,1,0,0
doc-append-unrelated,doc_summary,entropy_scaled:tau=2.75,0,0.0,1,0,0.0,0.0,FAIL,1,0,0
doc-append-unrelated,doc_summary,entropy_scaled:tau=3.0,0,0.0,1,0,0.0,0.0,FAIL,1,0,0
doc-append-unrelated,doc_summary,"entropy_floor:tau=2.0,floor=0.5",0,0.0,1,0,0.0,0.0,FAIL,1,0,0
doc-append-unrelated,doc_summary,"entropy_floor:tau=2.0,floor=1.0",0,0.0,1,0,0.0,0.0,FAIL,1,0,0
doc-append-unrelated,doc_summary,"entropy_floor:tau=2.5,floor=0.75",0,0.0,1,0,0.0,0.0,FAIL,1,0,0
doc-append-unrelated,doc_summary,"entropy_floor:tau=3.0,floor=0.5",0,0.0,1,0,0.0,0.0,FAIL,1,0,0
doc-append-unrelated,doc_summary,"entropy_floor:tau=3.0,floor=1.0",0,0.0,1,0,0.0,0.0,FAIL,1,0,0
doc-append-unrelated,doc_summary,"gated_entropy:tau=1.5,p_cut=0.9",0,0.0,1,0,0.0,0.0,FAIL,1,0,0
doc-append-unrelated,doc_summary,"gated_entropy:tau=2.0,p_cut=0.9",0,0.0,1,0,0.0,0.0,FAIL,1,0,0
doc-append-unrelated,doc_summary,"gated_entropy:tau=2.0,p_cut=0.8",0,0.0,1,0,0.0,0.0,FAIL,1,0,0
doc-append-unrelated,doc_summary,"gated_entropy:tau=3.0,p_cut=0.9",0,0.0,1,0,0.0,0.0,FAIL,1,0,0
doc-fix-punctuation,doc_summary,tau:0.0,67,0.3284,5,70,0.9571,0.3333,pass,7,5,0
doc-fix-punctuation,doc_summary,tau:3.0,45,0.8889,1,16,2.8125,0.3333,pass,4,2,0
doc-fix-punctuation,doc_summary,entropy_scaled:tau=1.5,52,0.5962,2,32,1.625,0.3333,pass,6,4,0
doc-fix-punctuation,doc_summary,entropy_scaled:tau=1.75,52,0.5962,2,32,1.625,0.3333,pass,6,4,0
doc-fix-punctuation,doc_summary,entropy_scaled:tau=2.0,45,0.8889,1,16,2.8125,0.3333,pass,4,2,0
doc-fix-punctuation,doc_summary,entropy_scaled:tau=2.25,45,0.8889,1,16,2.8125,0.3333,pass,4,2,0
doc-fix-punctuation,doc_summary,entropy_scaled:tau=2.5,45,0.8889,1,16,2.8125,0.3333,pass,4,2,0
doc-fix-punctuation,doc_summary,entropy_scaled:tau=2.75,45,0.8889,1,16,2.8125,0.3333,pass,4,2,0
doc-fix-punctuation,doc_summary,entropy_scaled:tau=3.0,45,0.8889,1,16,2.8125,0.3333,pass,4,2,0
doc-fix-punctuation,doc_summary,"entropy_floor:tau=2.0,floor=0.5",45,0.8889,1,16,2.8125,0.3333,pass,4,2,0
doc-fix-punctuation,doc_summary,"entropy_floor:tau=2.0,floor=1.0",45,0.8889,1,16,2.8125,0.3333,pass,4,2,0
doc-fix-punctuation,doc_summary,"entropy_floor:tau=2.5,floor=0.75",45,0.8889,1,16,2.8125,0.3333,pass,4,2,0
doc-fix-punctuation,doc_summary,"entropy_floor:tau=3.0,floor=0.5",45,0.8889,1,16,2.8125,0.3333,pass,4,2,0
doc-fix-punctuation,doc_summary,"entropy_floor:tau=3.0,floor=1.0",45,0.8889,1,16,2.8125,0.3333,pass,4,2,0
doc-fix-punctuation,doc_summary,"gated_entropy:tau=1.5,p_cut=0.9",52,0.5962,2,32,1.625,0.3333,pass,6,4,0
doc-fix-punctuation,doc_summary,"gated_entropy:tau=2.0,p_cut=0.9",45,0.8889,1,16,2.8125,0.3333,pass,4,2,0
doc-fix-punctuation,doc_summary,"gated_entropy:tau=2.0,p_cut=0.8",45,0.8889,1,16,2.8125,0.3333,pass,4,2,0
doc-fix-punctuation,doc_summary,"gated_entropy:tau=3.0,p_cut=0.9",45,0.8889,1,16,2.8125,0.3333,pass,4,2,0
doc-change-key-fact,doc_summary,tau:0.0,58,0.3448,3,53,1.0943,0.3235,pass,7,5,0
doc-change-key-fact,doc_summary,tau:3.0,36,0.5556,3,31,1.1613,0.3235,pass,6,4,0
doc-change-key-fact,doc_summary,entropy_scaled:tau=1.5,58,0.3448,3,53,1.0943,0.3235,pass,7,5,0
doc-change-key-fact,doc_summary,entropy_scaled:tau=1.75,58,0.3448,3,53,1.0943,0.3235,pass,7,5,0
doc-change-key-fact,doc_summary,entropy_scaled:tau=2.0,58,0.3448,3,53,1.0943,0.3235,pass,7,5,0
doc-change-key-fact,doc_summary,entropy_scaled:tau=2.25,58,0.3448,3,53,1.0943,0.3235,pass,7,5,0
doc-change-key-fact,doc_summary,entropy_scaled:tau=2.5,58,0.3448,3,53,1.0943,0.3235,pass,7,5,0
doc-change-key-fact,doc_summary,entropy_scaled:tau=2.75,58,0.3448,3,53,1.0943,0.3235,pass,7,5,0
doc-change-key-fact,doc_summary,entropy_scaled:tau=3.0,58,0.3448,3,53,1.0943,0.3235,pass,7,5,0
doc-change-key-fact,doc_summary,"entropy_floor:tau=2.0,floor=0.5",58,0.3448,3,53,1.0943,0.3235,pass,7,5,0
doc-change-key-fact,doc_summary,"entropy_floor:tau=2.0,floor=1.0",58,0.3448,3,53,1.0943,0.3235,pass,7,5,0
doc-change-key-fact,doc_summary,"entropy_floor:tau=2.5,floor=0.75",58,0.3448,3,53,1.0943,0.3235,pass,7,5,0
doc-change-key-fact,doc_summary,"entropy_floor:tau=3.0,floor=0.5",58,0.3448,3,53,1.0943,0.3235,pass,7,5,0
doc-change-key-fact,doc_summary,"entropy_floor:tau=3.0,floor=1.0",36,0.5556,3,31,1.1613,0.3235,pass,6,4,0
doc-change-key-fact,doc_summary,"gated_entropy:tau=1.5,p_cut=0.9",58,0.3448,3,53,1.0943,0.3235,pass,7,5,0
doc-change-key-fact,doc_summary,"gated_entropy:tau=2.0,p_cut=0.9",58,0.3448,3,53,1.0943,0.3235,pass,7,5,0
doc-change-key-fact,doc_summary,"gated_entropy:tau=2.0,p_cut=0.8",58,0.3448,3,53,1.0943,0.3235,pass,7,5,0
doc-change-key-fact,doc_summary,"gated_entropy:tau=3.0,p_cut=0.9",58,0.3448,3,53,1.0943,0.3235,pass,7,5,0
fact-irrelevant-row,fact_answer,tau:0.0,70,0.1,3,82,0.8537,0.2027,pass,8,6,0
fact-irrelevant-row,fact_answer,tau:3.0,152,0.0526,3,158,0.962,0.2027,FAIL,14,11,4
fact-irrelevant-row,fact_answer,entropy_scaled:tau=1.5,70,0.1,3,82,0.8537,0.2027,pass,8,6,0
fact-irrelevant-row,fact_answer,entropy_scaled:tau=1.75,70,0.1,3,82,0.8537,0.2027,pass,8,6,0
fact-irrelevant-row,fact_answer,entropy_scaled:tau=2.0,70,0.1,3,82,0.8537,0.2027,pass,8,6,0
fact-irrelevant-row,fact_answer,entropy_scaled:tau=2.25,70,0.1,3,82,0.8537,0.2027,pass,8,6,0
fact-irrelevant-row,fact_answer,entropy_scaled:tau=2.5,70,0.1,3,82,0.8537,0.2027,pass,8,6,0
fact-irrelevant-row,fact_answer,entropy_scaled:tau=2.75,70,0.1,3,82,0.8537,0.2027,pass,8,6,0
fact-irrelevant-row,fact_answer,entropy_scaled:tau=3.0,70,0.1,3,82,0.8537,0.2027,pass,8,6,0
fact-irrelevant-row,fact_answer,"entropy_floor:tau=2.0,floor=0.5",70,0.1,3,82,0.8537,0.2027,pass,8,6,0
fact-irrelevant-row,fact_answer,"entropy_floor:tau=2.0,floor=1.0",70,0.1,3,82,0.8537,0.2027,pass,8,6,0
fact-irrelevant-row,fact_answer,"entropy_floor:tau=2.5,floor=0.75",70,0.1,3,82,0.8537,0.2027,pass,8,6,0
fact-irrelevant-row,fact_answer,"entropy_floor:tau=3.0,floor=0.5",70,0.1,3,82,0.8537,0.2027,pass,8,6,0
fact-irrelevant-row,fact_answer,"entropy_floor:tau=3.0,floor=1.0",70,0.1,3,82,0.8537,0.2027,pass,8,6,0
fact-irrelevant-row,fact_answer,"gated_entropy:tau=1.5,p_cut=0.9",70,0.1,3,82,0.8537,0.2027,pass,8,6,0
fact-irrelevant-row,fact_answer,"gated_entropy:tau=2.0,p_cut=0.9",70,0.1,3,82,0.8537,0.2027,pass,8,6,0
fact-irrelevant-row,fact_answer,"gated_entropy:tau=2.0,p_cut=0.8",70,0.1,3,82,0.8537,0.2027,pass,8,6,0
fact-irrelevant-row,fact_answer,"gated_entropy:tau=3.0,p_cut=0.9",70,0.1,3,82,0.8537,0.2027,pass,8,6,0
fact-answer-changing-edit,fact_answer,tau:0.0,48,0.5417,4,38,1.2632,0.2925,pass,5,4,0
fact-answer-changing-edit,fact_answer,tau:3.0,80,0.5625,4,56,1.4286,0.2925,pass,11,7,0
fact-answer-changing-edit,fact_answer,entropy_scaled:tau=1.5,48,0.5417,4,38,1.2632,0.2925,pass,5,4,0
fact-answer-changing-edit,fact_answer,entropy_scaled:tau=1.75,48,0.5417,4,38,1.2632,0.2925,pass,5,4,0
fact-answer-changing-edit,fact_answer,entropy_scaled:tau=2.0,48,0.5417,4,38,1.2632,0.2925,pass,5,4,0
fact-answer-changing-edit,fact_answer,entropy_scaled:tau=2.25,48,0.5417,4,38,1.2632,0.2925,pass,5,4,0
fact-answer-changing-edit,fact_answer,entropy_scaled:tau=2.5,48,0.5417,4,38,1.2632,0.2925,pass,5,4,0
fact-answer-changing-edit,fact_answer,entropy_scaled:tau=2.75,48,0.5417,4,38,1.2632,0.2925,pass,5,4,0
fact-answer-changing-edit,fact_answer,entropy_scaled:tau=3.0,48,0.5417,4,38,1.2632,0.2925,pass,5,4,0
fact-answer-changing-edit,fact_answer,"entropy_floor:tau=2.0,floor=0.5",48,0.5417,4,38,1.2632,0.2925,pass,5,4,0
fact-answer-changing-edit,fact_answer,"entropy_floor:tau=2.0,floor=1.0",48,0.5417,4,38,1.2632,0.2925,pass,5,4,0
fact-answer-changing-edit,fact_answer,"entropy_floor:tau=2.5,floor=0.75",48,0.5417,4,38,1.2632,0.2925,pass,5,4,0
fact-answer-changing-edit,fact_answer,"entropy_floor:tau=3.0,floor=0.5",48,0.5417,4,38,1.2632,0.2925,pass,5,4,0
fact-answer-changing-edit,fact_answer,"entropy_floor:tau=3.0,floor=1.0",48,0.5417,4,38,1.2632,0.2925,pass,5,4,0
fact-answer-changing-edit,fact_answer,"gated_entropy:tau=1.5,p_cut=0.9",48,0.5417,4,38,1.2632,0.2925,pass,5,4,0
fact-answer-changing-edit,fact_answer,"gated_entropy:tau=2.0,p_cut=0.9",48,0.5417,4,38,1.2632,0.2925,pass,5,4,0
fact-answer-changing-edit,fact_answer,"gated_entropy:tau=2.0,p_cut=0.8",48,0.5417,4,38,1.2632,0.2925,pass,5,4,0
fact-answer-changing-edit,fact_answer,"gated_entropy:tau=3.0,p_cut=0.9",48,0.5417,4,38,1.2632,0.2925,pass,5,4,0
fact-relabel-column,fact_answer,tau:0.0,102,0.049,3,106,0.9623,0.1409,FAIL,9,7,0
fact-relabel-column,fact_answer,tau:3.0,102,0.049,3,106,0.9623,0.1409,FAIL,9,7,0
fact-relabel-column,fact_answer,entropy_scaled:tau=1.5,102,0.049,3,106,0.9623,0.1409,FAIL,9,7,0
fact-relabel-column,fact_answer,entropy_scaled:tau=1.75,102,0.049,3,106,0.9623,0.1409,FAIL,9,7,0
fact-relabel-column,fact_answer,entropy_scaled:tau=2.0,102,0.049,3,106,0.9623,0.1409,FAIL,9,7,0
fact-relabel-column,fact_answer,entropy_scaled:tau=2.25,102,0.049,3,106,0.9623,0.1409,FAIL,9,7,0
fact-relabel-column,fact_answer,entropy_scaled:tau=2.5,102,0.049,3,106,0.9623,0.1409,FAIL,9,7,0
fact-relabel-column,fact_answer,entropy_scaled:tau=2.75,102,0.049,3,106,0.9623,0.1409,FAIL,9,7,0
fact-relabel-column,fact_answer,entropy_scaled:tau=3.0,102,0.049,3,106,0.9623,0.1409,FAIL,9,7,0
fact-relabel-column,fact_answer,"entropy_floor:tau=2.0,floor=0.5",102,0.049,3,106,0.9623,0.1409,FAIL,9,7,0
fact-relabel-column,fact_answer,"entropy_floor:tau=2.0,floor=1.0",102,0.049,3,106,0.9623,0.1409,FAIL,9,7,0
fact-relabel-column,fact_answer,"entropy_floor:tau=2.5,floor=0.75",102,0.049,3,106,0.9623,0.1409,FAIL,9,7,0
fact-relabel-column,fact_answer,"entropy_floor:tau=3.0,floor=0.5",102,0.049,3,106,0.9623,0.1409,FAIL,9,7,0
fact-relabel-column,fact_answer,"entropy_floor:tau=3.0,floor=1.0",102,0.049,3,106,0.9623,0.1409,FAIL,9,7,0
fact-relabel-column,fact_answer,"gated_entropy:tau=1.5,p_cut=0.9",102,0.049,3,106,0.9623,0.1409,FAIL,9,7,0
fact-relabel-column,fact_answer,"gated_entropy:tau=2.0,p_cut=0.9",102,0.049,3,106,0.9623,0.1409,FAIL,9,7,0
fact-relabel-column,fact_answer,"gated_entropy:tau=2.0,p_cut=0.8",102,0.049,3,106,0.9623,0.1409,FAIL,9,7,0
fact-relabel-column,fact_answer,"gated_entropy:tau=3.0,p_cut=0.9",102,0.049,3,106,0.9623,0.1409,FAIL,9,7,0
fact-metric-threshold-crossed,fact_answer,tau:0.0,151,0.2781,6,135,1.1185,0.233,pass,11,8,0
fact-metric-threshold-crossed,fact_answer,tau:3.0,199,0.2613,6,178,1.118,0.233,pass,19,14,26
fact-metric-threshold-crossed,fact_answer,entropy_scaled:tau=1.5,151,0.2781,6,135,1.1185,0.233,pass,11,8,0
fact-metric-threshold-crossed,fact_answer,entropy_scaled:tau=1.75,104,0.5288,8,80,1.3,0.233,pass,13,9,0
fact-metric-threshold-crossed,fact_answer,entropy_scaled:tau=2.0,104,0.5288,8,80,1.3,0.233,pass,13,9,0
fact-metric-threshold-crossed,fact_answer,entropy_scaled:tau=2.25,104,0.5288,8,80,1.3,0.233,pass,13,9,0
fact-metric-threshold-crossed,fact_answer,entropy_scaled:tau=2.5,104,0.5288,8,80,1.3,0.233,pass,13,9,0
fact-metric-threshold-crossed,fact_answer,entropy_scaled:tau=2.75,104,0.5288,8,80,1.3,0.233,pass,13,9,0
fact-metric-threshold-crossed,fact_answer,entropy_scaled:tau=3.0,104,0.5288,8,80,1.3,0.233,pass,13,9,0
fact-metric-threshold-crossed,fact_answer,"entropy_floor:tau=2.0,floor=0.5",104,0.5865,8,79,1.3165,0.233,pass,14,9,0
fact-metric-threshold-crossed,fact_answer,"entropy_floor:tau=2.0,floor=1.0",124,0.4435,6,95,1.3053,0.233,pass,13,9,7
fact-metric-threshold-crossed,fact_answer,"entropy_floor:tau=2.5,floor=0.75",124,0.4435,6,95,1.3053,0.233,pass,13,9,7
fact-metric-threshold-crossed,fact_answer,"entropy_floor:tau=3.0,floor=0.5",124,0.4435,6,95,1.3053,0.233,pass,13,9,7
fact-metric-threshold-crossed,fact_answer,"entropy_floor:tau=3.0,floor=1.0",124,0.4435,6,95,1.3053,0.233,pass,13,9,7
fact-metric-threshold-crossed,fact_answer,"gated_entropy:tau=1.5,p_cut=0.9",151,0.2781,6,135,1.1185,0.233,pass,11,8,0
fact-metric-threshold-crossed,fact_answer,"gated_entropy:tau=2.0,p_cut=0.9",104,0.5288,8,80,1.3,0.233,pass,13,9,0
fact-metric-threshold-crossed,fact_answer,"gated_entropy:tau=2.0,p_cut=0.8",104,0.5288,8,80,1.3,0.233,pass,13,9,0
fact-metric-threshold-crossed,fact_answer,"gated_entropy:tau=3.0,p_cut=0.9",104,0.5288,8,80,1.3,0.233,pass,13,9,0
fact-ranking-changes,fact_answer,tau:0.0,115,0.0087,3,123,0.935,0.1217,FAIL,7,6,0
fact-ranking-changes,fact_answer,tau:3.0,115,0.0174,3,127,0.9055,0.1217,FAIL,11,9,27
fact-ranking-changes,fact_answer,entropy_scaled:tau=1.5,115,0.0087,3,123,0.935,0.1217,FAIL,7,6,0
fact-ranking-changes,fact_answer,entropy_scaled:tau=1.75,115,0.0087,3,123,0.935,0.1217,FAIL,7,6,0
fact-ranking-changes,fact_answer,entropy_scaled:tau=2.0,115,0.0087,3,123,0.935,0.1217,FAIL,7,6,0
fact-ranking-changes,fact_answer,entropy_scaled:tau=2.25,115,0.0087,3,123,0.935,0.1217,FAIL,7,6,0
fact-ranking-changes,fact_answer,entropy_scaled:tau=2.5,115,0.0087,3,123,0.935,0.1217,FAIL,7,6,0
fact-ranking-changes,fact_answer,entropy_scaled:tau=2.75,115,0.0087,3,123,0.935,0.1217,FAIL,7,6,0
fact-ranking-changes,fact_answer,entropy_scaled:tau=3.0,115,0.0087,3,123,0.935,0.1217,FAIL,7,6,0
fact-ranking-changes,fact_answer,"entropy_floor:tau=2.0,floor=0.5",115,0.0087,3,123,0.935,0.1217,FAIL,7,6,0
fact-ranking-changes,fact_answer,"entropy_floor:tau=2.0,floor=1.0",115,0.0087,3,123,0.935,0.1217,FAIL,7,6,0
fact-ranking-changes,fact_answer,"entropy_floor:tau=2.5,floor=0.75",115,0.0087,3,123,0.935,0.1217,FAIL,7,6,0
fact-ranking-changes,fact_answer,"entropy_floor:tau=3.0,floor=0.5",115,0.0087,3,123,0.935,0.1217,FAIL,7,6,0
fact-ranking-changes,fact_answer,"entropy_floor:tau=3.0,floor=1.0",115,0.0087,3,123,0.935,0.1217,FAIL,7,6,0
fact-ranking-changes,fact_answer,"gated_entropy:tau=1.5,p_cut=0.9",115,0.0087,3,123,0.935,0.1217,FAIL,7,6,0
fact-ranking-changes,fact_answer,"gated_entropy:tau=2.0,p_cut=0.9",115,0.0087,3,123,0.935,0.1217,FAIL,7,6,0
fact-ranking-changes,fact_answer,"gated_entropy:tau=2.0,p_cut=0.8",115,0.0087,3,123,0.935,0.1217,FAIL,7,6,0
fact-ranking-changes,fact_answer,"gated_entropy:tau=3.0,p_cut=0.9",115,0.0087,3,123,0.935,0.1217,FAIL,7,6,0
fact-config-value-changed,fact_answer,tau:0.0,19,0.7895,1,9,2.1111,0.7895,pass,2,1,0
fact-config-value-changed,fact_answer,tau:3.0,19,0.7895,1,9,2.1111,0.7895,pass,2,1,0
fact-config-value-changed,fact_answer,entropy_scaled:tau=1.5,19,0.7895,1,9,2.1111,0.7895,pass,2,1,0
fact-config-value-changed,fact_answer,entropy_scaled:tau=1.75,19,0.7895,1,9,2.1111,0.7895,pass,2,1,0
fact-config-value-changed,fact_answer,entropy_scaled:tau=2.0,19,0.7895,1,9,2.1111,0.7895,pass,2,1,0
fact-config-value-changed,fact_answer,entropy_scaled:tau=2.25,19,0.7895,1,9,2.1111,0.7895,pass,2,1,0
fact-config-value-changed,fact_answer,entropy_scaled:tau=2.5,19,0.7895,1,9,2.1111,0.7895,pass,2,1,0
fact-config-value-changed,fact_answer,entropy_scaled:tau=2.75,19,0.7895,1,9,2.1111,0.7895,pass,2,1,0
fact-config-value-changed,fact_answer,entropy_scaled:tau=3.0,19,0.7895,1,9,2.1111,0.7895,pass,2,1,0
fact-config-value-changed,fact_answer,"entropy_floor:tau=2.0,floor=0.5",19,0.7895,1,9,2.1111,0.7895,pass,2,1,0
fact-config-value-changed,fact_answer,"entropy_floor:tau=2.0,floor=1.0",19,0.7895,1,9,2.1111,0.7895,pass,2,1,0
fact-config-value-changed,fact_answer,"entropy_floor:tau=2.5,floor=0.75",19,0.7895,1,9,2.1111,0.7895,pass,2,1,0
fact-config-value-changed,fact_answer,"entropy_floor:tau=3.0,floor=0.5",19,0.7895,1,9,2.1111,0.7895,pass,2,1,0
fact-config-value-changed,fact_answer,"entropy_floor:tau=3.0,floor=1.0",19,0.7895,1,9,2.1111,0.7895,pass,2,1,0
fact-config-value-changed,fact_answer,"gated_entropy:tau=1.5,p_cut=0.9",19,0.7895,1,9,2.1111,0.7895,pass,2,1,0
fact-config-value-changed,fact_answer,"gated_entropy:tau=2.0,p_cut=0.9",19,0.7895,1,9,2.1111,0.7895,pass,2,1,0
fact-config-value-changed,fact_answer,"gated_entropy:tau=2.0,p_cut=0.8",19,0.7895,1,9,2.1111,0.7895,pass,2,1,0
fact-config-value-changed,fact_answer,"gated_entropy:tau=3.0,p_cut=0.9",19,0.7895,1,9,2.1111,0.7895,pass,2,1,0
